common_name,scientific_name,taxon,habitat_type,region,designation_date,kml_file
Buena Vista Lake ornate shrew,Sorex ornatus relictus,Mammal,Marsh/Wetlands,Southern West Coast,2013-07-02,FCH_Sorex_ornatus_ssp_relictus_20130702.kml
Bull trout,Salvelinus confluentus,Fish,Cold Freshwater,Northwest USA,2010-10-18,FCH_SALVELINUS_CONFLUENTUS_20101018.kml
Canada lynx,Lynx canadensis,Mammal,Boreal Forest,Northern USA,2014-09-12,FCH_Lynx_canadensis_20140912.kml
California condor,Gymnogyps californianus,Bird,Montane/Cliff,West Coast USA,1967-03-11,FCH_Gymnogyps_californianus_19670311.kml
California red-legged frog,Rana draytonii,Amphibian,Marsh/Wetlands,West Coast USA,2010-03-17,FCH_Rana_draytonii_20100317.kml
Colorado pikeminnow,Ptychocheilus lucius,Fish,Cold Freshwater,Rocky Mountains,1994-03-21,FCH_Ptychocheilus_lucius_19940321.kml
Desert tortoise,Gopherus agassizii,Reptile,Arid,Southern West Coast,1994-02-08,FCH_Gopherus_agassizii_19940208.kml
Florida bonneted bat,Eumops floridanus,Mammal,Subtropical Forest/Urban,Southeastern USA,2024-03-07,FCH_EUMOPS_FLORIDANUS_20240307.kml
Gray wolf,Canis lupus,Mammal,Mixed Woodlands,Northern Midwest USA,1978-03-09,FCH_Canis_lupus_19780309.kml
Haha,Cyanea superba,Plant,Tropical Forest,Hawaii (Pacific Islands),2012-09-18,FCH_Cyanea_superba_20120918.kml
